Acc_id,name,username,password,status,created_at,updated_at
1,Alexis Hickle,harrison09,<&&Gq^k%tIw'u,Y,3/30/2022 4:51,3/30/2022 4:51
2,Clare Durgan,stracke.benjamin,^B{%b045%y3,Y,3/30/2022 4:51,3/30/2022 4:51
3,Pierre Greenholt,julianne.kemmer,C2Em6\I(>}k%Rc+b3(Tc,Y,3/30/2022 4:51,3/30/2022 4:51
4,Tess Beatty,nader.shany,kdr/GcA<!,,,
5,Moses Legros,rutherford.hildegard,y_eE7P?1[{h*I_&}vX,Y,3/30/2022 4:51,3/30/2022 4:51
6,Danika Kshlerin,keely.cormier,iv^@,,,
7,Rachel Schulist,don52,nY^4Ha,Y,3/30/2022 4:51,3/30/2022 4:51
8,Alisha Swift,savannah55,6\BY$nk`Re&k^,Y,3/30/2022 4:51,3/30/2022 4:51
9,Micheal Boyer,cremin.giovanni,"m&;9dP"".G6)]x",Y,3/30/2022 4:51,3/30/2022 4:51
10,Jermey Nolan,daren01,G5<`oR%z<xuU}n]!OTTV,Y,3/30/2022 4:51,3/30/2022 4:51
11,henz,awtsgege,123123,Y,3/30/2022 4:51,3/30/2022 4:51
